id;variante;date;jour;heure;cible;pilier;titre;legende;hashtags;images;dossier
A01;A;2026-10-12;lundi;18:30;Débutants;À éviter;5 moteurs à fuir pour ta 1re revente (jusqu'à 10 000 € de facture);"Avant d'acheter ta première voiture à revendre, lis la ligne moteur de l'annonce. Ces 5 moteurs, aux années indiquées, peuvent coûter plus cher que la voiture. Coûts relevés dans la presse auto et chez des propriétaires.
Tu en ajoutes un sixième ?
Commente DÉBUTANT et je t'envoie le guide « Ta première revente, étape par étape ».

#achatreventevoiture #voitureoccasion #debutant";#achatreventevoiture #voitureoccasion #debutant;7;renders/carousels-semaine/A01-5-moteurs-a-fuir
A02;A;2026-10-13;mardi;18:30;Débutants;Annonce décryptée;Golf achetée 9 500 €, revendue 9 800 €, et 1 200 € de perte;"Achat-revente voiture : sur cette Golf, tu gagnes 300 € sur le papier et tu paies 1 500 € de frais. Le bon prix d'achat était 7 500 €, calculé avant d'appeler le vendeur.
Tu comptais combien de frais, toi ?
Commente DÉBUTANT et je t'envoie le guide « Ta première revente, étape par étape ».

#achatrevente #leboncoinvoiture #debutant";#achatrevente #leboncoinvoiture #debutant;6;renders/carousels-semaine/A02-golf-perte-1200
A03;A;2026-10-14;mercredi;18:30;Débutants;Arnaque;Il achète ta voiture sans la voir : l'arnaque au faux paiement sécurisé;"Tu vends ta voiture sur Leboncoin. Un acheteur la prend sans visite, puis un SMS t'annonce 3 900 € reçus. Le lien ouvre une fausse page qui te demande ta carte bancaire.
Envoie-le à ton pote qui vend sa voiture.
Commente DÉBUTANT et je t'envoie le guide « Ta première revente, étape par étape ».

#arnaque #leboncoinvoiture #voitureoccasion";#arnaque #leboncoinvoiture #voitureoccasion;6;renders/carousels-semaine/A03-faux-paiement-securise
A04;A;2026-10-15;jeudi;18:30;Débutants;Série « Ta 1re revente »;Ta 1re revente, partie 1 : une Clio 4 à 7 400 €, ton plafond à 7 060 €;"Partie 1 sur 3. Tu as 8 000 € et zéro expérience en achat-revente voiture. Avant d'appeler le vendeur, tu calcules ton prix max : 7 060 €. Il en demande 7 400.
Tu aurais proposé combien ?
Commente DÉBUTANT et je t'envoie le guide « Ta première revente, étape par étape ».

#achatreventeauto #revenucomplementaire #debutant";#achatreventeauto #revenucomplementaire #debutant;6;renders/carousels-semaine/A04-ta-1re-revente-1
A05;A;2026-10-16;vendredi;18:30;Débutants;Histoire POV;Tu gagnes 300 € en négo et tu rentres à −12 €;"POV : la Clio est à Marseille, toi à Lille. Tu arraches 300 € au vendeur, puis tu paies le train, le gazole et les péages du retour. En achat-revente voiture, compte le trajet avant d'appeler.
Ton plus long trajet pour une voiture ?
Commente DÉBUTANT et je t'envoie le guide « Ta première revente, étape par étape ».

#achatrevente #voitureoccasion #debutant";#achatrevente #voitureoccasion #debutant;5;renders/carousels-semaine/A05-trajet-300-euros
A06;A;2026-10-17;samedi;18:30;Débutants;Série « Ta 1re revente »;Ta 1re revente, partie 2 : 640 € de frais et 5 jours sans un appel;"Partie 2 sur 3. La Clio est à toi pour 7 000 €. Tu paies 640 € de frais, tu publies à 8 490 €, et ton téléphone reste muet 5 jours. Tu ne touches pas au prix.
Tu baisses le prix, toi ?
Commente DÉBUTANT et je t'envoie le guide « Ta première revente, étape par étape ».

#achatreventeauto #revenucomplementaire #debutant";#achatreventeauto #revenucomplementaire #debutant;5;renders/carousels-semaine/A06-ta-1re-revente-2
A07;A;2026-10-18;dimanche;18:30;Débutants;Série « Ta 1re revente »;Ta 1re revente, partie 3 : vendue 8 300 €, +660 € en 12 jours;"Fin de la série. Tu réécris 4 lignes de l'annonce : kilométrage, CT, factures, carnet. 3 appels en 2 jours, vendue 8 300 €. Il te reste 660 € une fois les frais payés.
Prochaine série : quelle voiture ?
Commente DÉBUTANT et je t'envoie le guide « Ta première revente, étape par étape ».

#achatreventeauto #revenucomplementaire #debutant";#achatreventeauto #revenucomplementaire #debutant;6;renders/carousels-semaine/A07-ta-1re-revente-3
B01;B;2026-10-19;lundi;12:30;Débutants;À éviter;Le claquement à froid qui peut te coûter 5 000 € (BMW 116i, 1.4 TSI);"Achat-revente voiture : demande au vendeur de ne pas démarrer la voiture avant ton arrivée. Sur une chaîne de distribution allongée, le claquement des premières secondes disparaît une fois le moteur chaud.
Envoie-le à ton pote qui va voir une voiture ce week-end.
Commente DÉBUTANT et je t'envoie le guide « Ta première revente, étape par étape ».

#achatreventevoiture #voitureoccasion #debutant";#achatreventevoiture #voitureoccasion #debutant;6;renders/carousels-semaine/B01-demarrage-a-froid
B02;B;2026-10-19;lundi;18:30;Débutants;Arnaque;89 000 km au compteur, 162 000 au dernier contrôle technique;"Voiture d'occasion : avant de te déplacer, demande le rapport HistoVec au vendeur. Gratuit et officiel, il affiche depuis 2021 le kilométrage relevé à chaque contrôle technique. Si le chiffre baisse, tu poses des questions.
Envoie-le à ton pote qui achète une voiture.
Commente DÉBUTANT et je t'envoie le guide « Ta première revente, étape par étape ».

#arnaque #leboncoinvoiture #voitureoccasion";#arnaque #leboncoinvoiture #voitureoccasion;6;renders/carousels-semaine/B02-arnaque-compteur
B03;B;2026-10-19;lundi;21:00;Messagerie (test);Messagerie Leboncoin;7 h 12, la Clio sort. 12 h 30, tu la vois : trop tard;"Tu fais de l'achat-revente à côté du boulot ? Avec la messagerie automatique utopicar, tu écris ton message une fois pour ta recherche Leboncoin. Chaque annonce trouvée le reçoit pendant que tu travailles.
Commente MESSAGE et je t'envoie en privé comment l'activer.

#achatreventevoiture #leboncoinvoiture #marchandauto";#achatreventevoiture #leboncoinvoiture #marchandauto;6;renders/carousels-semaine/B03-outil-premier-message
B04;B;2026-10-20;mardi;12:30;Messagerie (test);Messagerie Leboncoin;40 copier-coller du même message ce soir ? Plus besoin;"Achat-revente voiture : tu écris ton message une fois et la messagerie automatique utopicar l'envoie à chaque annonce de ta recherche Leboncoin, une toutes les 1 à 2 minutes, jamais deux fois à la même.
Commente MESSAGE et je t'envoie en privé comment l'activer.

#achatreventevoiture #leboncoinvoiture #marchandauto";#achatreventevoiture #leboncoinvoiture #marchandauto;5;renders/carousels-semaine/B04-outil-copier-coller
B05;B;2026-10-20;mardi;18:30;Débutants;Annonce décryptée;Annonce décryptée n° 1 : Clio 4 à 5 900 €, « consomme un peu d'huile »;"« Rien de grave », écrit le vendeur. Sur un 1.2 TCe 120 de 2014, la consommation d'huile peut finir en réparation moteur, jusqu'à 10 000 € selon des propriétaires et la presse auto.
Tu l'aurais achetée ?
Commente DÉBUTANT et je t'envoie le guide « Ta première revente, étape par étape ».

#achatrevente #leboncoinvoiture #debutant";#achatrevente #leboncoinvoiture #debutant;6;renders/carousels-semaine/B05-annonce-decryptee-clio-tce
B06;B;2026-10-20;mardi;21:00;Débutants;Histoire POV;Tu écris « prix ferme » et tu lâches 400 € au premier appel;"POV : ta première revente. L'annonce dit « prix ferme », l'acheteur propose 3 800 € au lieu de 4 200, et tu dis oui en deux minutes. Fixe ton prix plancher avant de publier, et mets la négociation dans le prix affiché.
Tu tiens combien de temps, toi ?
Commente DÉBUTANT et je t'envoie le guide « Ta première revente, étape par étape ».

#achatrevente #voitureoccasion #debutant";#achatrevente #voitureoccasion #debutant;6;renders/carousels-semaine/B06-prix-ferme
B07;B;2026-10-21;mercredi;12:30;Débutants;Se lancer;Te lancer en achat-revente avec 2 000 € : jamais plus de 1 500 € sur la voiture;"Commencer l'achat-revente voiture avec 2 000 € : garde 500 € de côté pour la carte grise, les pneus et l'imprévu. Le jour où le contrôle technique demande une contre-visite, ta réserve paie les disques.
Tu commences avec combien ?
Commente DÉBUTANT et je t'envoie le guide « Ta première revente, étape par étape ».

#achatreventeauto #revenucomplementaire #debutant";#achatreventeauto #revenucomplementaire #debutant;6;renders/carousels-semaine/B07-budget-2000
B08;B;2026-10-21;mercredi;18:30;Messagerie (test);Messagerie Leboncoin;« Pros s'abstenir » : ton message automatique ne part pas;"Achat-revente voiture : la messagerie automatique utopicar envoie ton premier message aux annonces de ta recherche Leboncoin. Les annonces qui refusent le démarchage restent de côté, par défaut.
Commente MESSAGE et je t'envoie en privé comment l'activer.

#achatreventevoiture #leboncoinvoiture #marchandauto";#achatreventevoiture #leboncoinvoiture #marchandauto;6;renders/carousels-semaine/B08-outil-pros-s-abstenir
B09;B;2026-10-21;mercredi;21:00;Débutants;Arnaque;Clio à 2 900 €, vendeur muté à l'étranger, 300 € d'acompte : l'arnaque;"Sur Leboncoin, une voiture très sous la cote, un vendeur loin et un acompte avant la visite : tu arrêtes là. Passe les photos dans Google Lens pour voir si elles viennent d'une autre annonce.
Envoie-le à ton pote qui a trouvé « l'affaire du siècle ».
Commente DÉBUTANT et je t'envoie le guide « Ta première revente, étape par étape ».

#arnaque #leboncoinvoiture #voitureoccasion";#arnaque #leboncoinvoiture #voitureoccasion;6;renders/carousels-semaine/B09-arnaque-acompte
B10;B;2026-10-22;jeudi;12:30;Débutants;Annonce décryptée;« Petit bruit, rien de grave » : 5 phrases d'annonce auto traduites;"Le dico des annonces Leboncoin pour ta première voiture à revendre. Chaque phrase cache une ligne de frais à mettre dans ton prix max avant d'appeler le vendeur.
Tu en as une à ajouter ?
Commente DÉBUTANT et je t'envoie le guide « Ta première revente, étape par étape ».

#achatrevente #leboncoinvoiture #debutant";#achatrevente #leboncoinvoiture #debutant;7;renders/carousels-semaine/B10-dico-annonces
B11;B;2026-10-22;jeudi;18:30;Débutants;Histoire POV;206 achetée 1 200 €, 1 400 € de réparations, revendue 2 300 €;"POV : ta première affaire. « Quelques frais à prévoir », dit l'annonce. Le contrôleur relève de quoi dépenser 1 400 € et tu revends à perte. En achat-revente voiture, chiffre le pire cas avant ton offre.
Tu l'aurais vue venir ?
Commente DÉBUTANT et je t'envoie le guide « Ta première revente, étape par étape ».

#achatrevente #voitureoccasion #debutant";#achatrevente #voitureoccasion #debutant;6;renders/carousels-semaine/B11-206-reparations
B12;B;2026-10-22;jeudi;21:00;Messagerie (test);Messagerie Leboncoin;Tu écris deux fois au même vendeur : la messagerie l'évite;"La messagerie automatique utopicar relit ta boîte de réception Leboncoin avant chaque envoi. Une annonce déjà contactée, à la main ou par une campagne, ne reçoit pas de deuxième message.
Commente MESSAGE et je t'envoie en privé comment l'activer.

#achatreventevoiture #leboncoinvoiture #marchandauto";#achatreventevoiture #leboncoinvoiture #marchandauto;5;renders/carousels-semaine/B12-outil-jamais-deux-fois
B13;B;2026-10-23;vendredi;12:30;Messagerie (test);Messagerie Leboncoin;18 h, tu sors du boulot : 3 vendeurs t'ont déjà répondu;"Achat-revente voiture à côté de ton travail : la messagerie automatique utopicar envoie ton premier message aux annonces de ta recherche Leboncoin. Le soir, tu lis les réponses et tu appelles.
Commente MESSAGE et je t'envoie en privé comment l'activer.

#achatreventevoiture #leboncoinvoiture #marchandauto";#achatreventevoiture #leboncoinvoiture #marchandauto;6;renders/carousels-semaine/B13-outil-reponses
B14;B;2026-10-23;vendredi;18:30;Débutants;Annonce décryptée;Annonce décryptée n° 2 : 208 PureTech à 8 400 €, avec la facture de courroie;"Les acheteurs fuient le 1.2 PureTech. Avec une facture de courroie et un entretien suivi, cette 208 se défend, et l'extension Stellantis la couvre jusqu'à 10 ans ou 175 000 km, sous conditions.
Tu l'achètes ou tu passes ?
Commente DÉBUTANT et je t'envoie le guide « Ta première revente, étape par étape ».

#achatrevente #leboncoinvoiture #debutant";#achatrevente #leboncoinvoiture #debutant;7;renders/carousels-semaine/B14-annonce-decryptee-208
B15;B;2026-10-23;vendredi;21:00;Débutants;Arnaque;Il te montre un virement de 6 900 €. Ton compte affiche 0 €;"Tu vends ta voiture : l'acheteur te montre un virement instantané sur son téléphone et te demande les clés. Un virement instantané arrive en quelques secondes. Tu donnes les clés quand tu vois l'argent dans ton appli bancaire.
Envoie-le à ton pote qui vend sa voiture ce week-end.
Commente DÉBUTANT et je t'envoie le guide « Ta première revente, étape par étape ».

#arnaque #leboncoinvoiture #voitureoccasion";#arnaque #leboncoinvoiture #voitureoccasion;6;renders/carousels-semaine/B15-arnaque-faux-virement
B16;B;2026-10-24;samedi;12:30;Débutants;Liste à enregistrer;6 vérifs à faire devant la voiture avant de payer;"Voiture d'occasion : le vendeur attend, l'argent est dans ta poche. Moteur froid, huile, numéro de série, pneus, voyants et embrayage : 6 contrôles avant de signer, sans outil.
Tu en ajoutes une ?
Commente DÉBUTANT et je t'envoie le guide « Ta première revente, étape par étape ».

#voitureoccasion #achatrevente #debutant";#voitureoccasion #achatrevente #debutant;5;renders/carousels-semaine/B16-6-verifs-visite
B17;B;2026-10-24;samedi;18:30;Messagerie (test);Messagerie Leboncoin;40 messages tapés à la main, ou 1 seul pour toute ta recherche;"Achat-revente voiture : avec la messagerie automatique utopicar, tu choisis tes critères et tu écris ton message une fois. Il part à chaque annonce de ta recherche Leboncoin, une toutes les 1 à 2 minutes.
Commente MESSAGE et je t'envoie en privé comment l'activer.

#achatreventevoiture #leboncoinvoiture #marchandauto";#achatreventevoiture #leboncoinvoiture #marchandauto;4;renders/carousels-semaine/B17-outil-avant-apres
B18;B;2026-10-24;samedi;21:00;Débutants;Histoire POV;« Le carnet ? » Tu l'as laissé au vendeur : −400 € à la revente;"POV : ta première revente. L'acheteur demande le carnet d'entretien et les factures, ils sont restés chez l'ancien propriétaire, et ton prix baisse de 400 €. Le jour où tu achètes, tu repars avec tout le dossier.
Envoie-le à ton pote qui part sans les papiers.
Commente DÉBUTANT et je t'envoie le guide « Ta première revente, étape par étape ».

#achatrevente #voitureoccasion #debutant";#achatrevente #voitureoccasion #debutant;5;renders/carousels-semaine/B18-carnet-oublie
B19;B;2026-10-25;dimanche;12:30;Débutants;Liste à enregistrer;100 km de trajet, et la carte grise n'est pas à son nom;"Avant d'aller voir une voiture d'occasion, pose 4 questions par message : carte grise, contrôle technique, distribution et HistoVec. Tu prends la route selon ses réponses.
Ta question en plus ?
Commente DÉBUTANT et je t'envoie le guide « Ta première revente, étape par étape ».

#voitureoccasion #achatrevente #debutant";#voitureoccasion #achatrevente #debutant;5;renders/carousels-semaine/B19-4-questions-avant-trajet
B20;B;2026-10-25;dimanche;18:30;Débutants;Annonce décryptée;Annonce décryptée n° 3 : Golf à 7 900 €, « CT OK, défauts mineurs »;"« Défauts mineurs » : demande le procès-verbal du contrôle technique et chiffre chaque ligne. Sur cette Golf, deux lignes du PV valent 300 € de remise.
Tu aurais proposé combien ?
Commente DÉBUTANT et je t'envoie le guide « Ta première revente, étape par étape ».

#achatrevente #leboncoinvoiture #debutant";#achatrevente #leboncoinvoiture #debutant;7;renders/carousels-semaine/B20-annonce-decryptee-golf
B21;B;2026-10-25;dimanche;21:00;Messagerie (test);Messagerie Leboncoin;Un seul message écrit, et chaque vendeur lit le nom de sa voiture;"La messagerie automatique utopicar remplace {titre} par le titre de chaque annonce de ta recherche Leboncoin. Tu écris une fois, chaque vendeur reçoit un message qui parle de sa voiture.
Commente MESSAGE et je t'envoie en privé comment l'activer.

#achatreventevoiture #leboncoinvoiture #marchandauto";#achatreventevoiture #leboncoinvoiture #marchandauto;5;renders/carousels-semaine/B21-outil-message-personnalise
