voiture	fichier	auteur	licence	page
206	2000 Peugeot 206 L 1.1 Front.jpg	Vauxford	CC BY-SA 4.0	https://commons.wikimedia.org/wiki/File%3A2000_Peugeot_206_L_1.1_Front.jpg
clio3	Renault Clio III 20090527 front.JPG	M 93	Public domain	https://commons.wikimedia.org/wiki/File%3ARenault_Clio_III_20090527_front.JPG
clio3-annonce-1	Renault Clio 3 - Phase 2 2009 - Rot - 1.5dci.png	Daddi09	CC BY-SA 3.0	https://commons.wikimedia.org/wiki/File%3ARenault_Clio_3_-_Phase_2_2009_-_Rot_-_1.5dci.png
clio3-annonce-2	Renault Clio III Facelift Sport 20090603 front.JPG	M 93	Public domain	https://commons.wikimedia.org/wiki/File%3ARenault_Clio_III_Facelift_Sport_20090603_front.JPG
clio3-annonce-3	Renault Clio III Facelift 20090603 front.JPG	M 93	Public domain	https://commons.wikimedia.org/wiki/File%3ARenault_Clio_III_Facelift_20090603_front.JPG
clio3-annonce-4	Renault Clio III Phase II Dreitürer Dynamique Perlmuttschwarz.JPG	Thomas doerfer	CC BY 3.0	https://commons.wikimedia.org/wiki/File%3ARenault_Clio_III_Phase_II_Dreit%C3%BCrer_Dynamique_Perlmuttschwarz.JPG
clio3-annonce-5	Renault Clio III Phase I Fünftürer.JPG	Thomas doerfer	CC BY-SA 3.0	https://commons.wikimedia.org/wiki/File%3ARenault_Clio_III_Phase_I_F%C3%BCnft%C3%BCrer.JPG
clio3-annonce-6	Renault Clio III Phase II Dreitürer Luxe Saphirblau.jpg	Thomas doerfer	CC BY 3.0	https://commons.wikimedia.org/wiki/File%3ARenault_Clio_III_Phase_II_Dreit%C3%BCrer_Luxe_Saphirblau.jpg
twingo	2009 Renault Twingo Freeway 1.1.jpg	Vauxford	CC BY-SA 4.0	https://commons.wikimedia.org/wiki/File%3A2009_Renault_Twingo_Freeway_1.1.jpg
c3	Citroën C3 front.jpg	M 93	Public domain	https://commons.wikimedia.org/wiki/File%3ACitro%C3%ABn_C3_front.jpg
